,Address,Coordinates
0,"5500  VALERIO TRAIL, SAN DIEGO","(32.9624494, -117.2014782)"
1,"6400  CRAWFORD STREET, SAN DIEGO","(32.7898003, -117.0938746)"
2,"8300  CAM DEL ORO , SAN DIEGO","(32.8568988, -117.2568618)"
3,"8100  ROYAL GORGE DRIVE, SAN DIEGO","(32.8147757, -117.0512292)"
4,"1000  11TH AVENUE, SAN DIEGO","(32.7157761, -117.1547177)"
